variable,band,loans,default_rate,woe,points
term_months,"(-inf, 36.0]",91059,0.15393316421221406,0.20817429348507752,81
term_months,"(36.0, inf]",23731,0.2947199865155282,-0.6233487900546215,60
revol_util,"(-inf, 17.7]",11483,0.1144300269964295,0.5500603043180498,90
revol_util,"(17.7, 30.6]",11521,0.13123860775974308,0.3938943559692101,86
revol_util,"(30.6, 40.2]",11523,0.15421331250542394,0.20582398837123933,81
revol_util,"(40.2, 48.3]",11406,0.16307206733298263,0.13945295122927762,79
revol_util,"(48.3, 55.8]",11418,0.18409528814153092,-0.0072164663172001545,76
revol_util,"(55.8, 63.2]",11579,0.1891355039295276,-0.040414159743256475,75
revol_util,"(63.2, 70.4]",11393,0.2068814184148161,-0.15220617936948352,72
revol_util,"(70.4, 78.2]",11469,0.21239863981166623,-0.18549906920714335,71
revol_util,"(78.2, 87.1]",11491,0.22930989470020016,-0.28379763974017425,68
revol_util,"(87.1, inf]",11375,0.24624175824175823,-0.37723868084670176,66
revol_util,Missing,132,0.20454545454545456,-0.37723868084670176,66
dti,"(-inf, 5.94]",11495,0.12875163114397564,0.4158776492868228,82
dti,"(5.94, 8.97]",11486,0.13964826745603343,0.3220769594833646,80
dti,"(8.97, 11.37]",11465,0.15516790231138247,0.19852436243918886,79
dti,"(11.37, 13.54]",11495,0.15876468029578078,0.17134971718552855,78
dti,"(13.54, 15.62]",11483,0.1714708699817121,0.07916087219353667,77
dti,"(15.62, 17.73]",11480,0.178397212543554,0.031176979713975435,76
dti,"(17.73, 20.03]",11479,0.19121874727763744,-0.05393984309868627,75
dti,"(20.03, 22.64]",11458,0.20710420666783033,-0.15356229803982552,74
dti,"(22.64, 26.09]",11486,0.22906146613268327,-0.28239166603471116,72
dti,"(26.09, inf]",11463,0.27104597400331504,-0.5066552403934506,69
annual_inc,"(-inf, 32800.0]",11482,0.2435115833478488,-0.3624749140652528,60
annual_inc,"(32800.0, 40000.0]",11686,0.22959096354612357,-0.28538489714488774,63
annual_inc,"(40000.0, 48000.0]",12226,0.20988058236545068,-0.1703740714364838,68
annual_inc,"(48000.0, 55000.0]",12944,0.19483930778739184,-0.0771599176103765,72
annual_inc,"(55000.0, 61000.0]",9155,0.19399235390496997,-0.07181562597681558,73
annual_inc,"(61000.0, 70000.0]",12685,0.17871501773748522,0.029028793883398914,77
annual_inc,"(70000.0, 80000.0]",11600,0.16137931034482758,0.15190891038249174,82
annual_inc,"(80000.0, 94000.0]",10102,0.15125717679667391,0.22862944482774822,86
annual_inc,"(94000.0, 120000.0]",12705,0.1360094451003542,0.352717367936629,91
annual_inc,"(120000.0, inf]",10201,0.12479168708950103,0.4516030170801035,96
annual_inc,Missing,4,0.0,-0.3624749140652528,60
purpose,Other,3069,0.1971326164874552,-0.09218671198527884,73
purpose,car,1986,0.1268882175226586,0.43118684255682566,89
purpose,credit_card,21532,0.15530373397733604,0.19759594552419105,82
purpose,debt_consolidation,65314,0.1892702942707536,-0.04114878680037862,75
purpose,home_improvement,7007,0.15584415584415584,0.19323100158640807,82
purpose,major_purchase,3248,0.14316502463054187,0.29247593576887637,85
purpose,medical,1450,0.19655172413793104,-0.08921294575781745,73
purpose,other,7298,0.2182789805426144,-0.22037860812022103,69
purpose,small_business,2678,0.309932785660941,-0.6957745258142274,55
purpose,wedding,1208,0.15149006622516556,0.22484453488024608,82
verification_status,not verified,41355,0.15197678636198766,0.22323855274002657,77
verification_status,verified,73435,0.20053108190917138,-0.11292341345611538,75
loan_amnt,"(-inf, 6000.0]",24758,0.16023103643266823,0.16053170078338894,80
loan_amnt,"(6000.0, 8000.0]",12750,0.16298039215686275,0.1401474848018608,80
loan_amnt,"(8000.0, 13600.0]",31470,0.1734350174769622,0.06552678984400132,78
loan_amnt,"(13600.0, 16000.0]",13165,0.18017470565894417,0.019123474453284696,76
loan_amnt,"(16000.0, 20000.0]",13287,0.2090012794460751,-0.165052860172651,71
loan_amnt,"(20000.0, 25000.0]",10137,0.21426457531814147,-0.1966352372641619,70
loan_amnt,"(25000.0, inf]",9223,0.23712457985471105,-0.32752482693271145,67
